Particulier@hoeckbank.com;345;Hoofd Particulier
MKB@hoeckbank.com;345;Hoofd MKB
Nelson@hoeckbank.com;345;Acountmanagers
Bobbie@hoeckbank.com;345;Acountmanagers
Malissa@hoeckbank.com;345;Acountmanagers
Salvador@hoeckbank.com;345;Acountmanagers
Young@hoeckbank.com;345;Acountmanagers
Lisha@hoeckbank.com;345;Acountmanagers
Stanley@hoeckbank.com;345;Acountmanagers
Francisco@hoeckbank.com;345;Acountmanagers
Moises@hoeckbank.com;345;Acountmanagers
Emily@hoeckbank.com;345;Acountmanagers
Darron@hoeckbank.com;345;Acountmanagers
Mirna@hoeckbank.com;345;Acountmanagers
Reba@hoeckbank.com;345;Acountmanagers
Elwanda@hoeckbank.com;345;Acountmanagers
Clifton@hoeckbank.com;345;Acountmanagers
Sidney@hoeckbank.com;345;Acountmanagers
Allan@hoeckbank.com;345;Acountmanagers
Min@hoeckbank.com;345;Acountmanagers
Coral@hoeckbank.com;345;Acountmanagers
Patria@hoeckbank.com;345;Acountmanagers
Luise@hoeckbank.com;345;Acountmanagers
Bonita@hoeckbank.com;345;Acountmanagers
Martijn@hoeckbank.com;345;Acountmanagers
Ling@hoeckbank.com;345;Acountmanagers
Ruben@hoeckbank.com;345;Acountmanagers
Anne@hoeckbank.com;345;Acountmanagers
Sjors@hoeckbank.com;345;Acountmanagers
Roeland@hoeckbank.com;345;Acountmanagers